{"Recznie": [[0.07855972782258064, 0.14915173100490192], [0.9390435987903226, 0.17948261335784305], [0.4711000504032258, 0.7928404564950979], [0.4023500504032258, 0.5434532015931373], [0.42452746975806455, 0.3479875153186274], [0.5420677923387097, 0.3715782015931372], [0.5287613407258065, 0.546823299632353]], "Losowo": [[-41.59380779079675, -92.58804910526743], [5.081268554543982, -62.096148640113455], [-34.23826588715127, 71.87974537679514], [20.354653551462704, 16.63515428594613], [-94.75427739229944, 7.428724473465408], [-79.75617223088605, 74.71736429401207], [-67.02243018616466, 31.463030380270595], [-19.771655030103247, -16.286808427648424], [-87.92684771303058, 46.65340104429595], [69.52066735613124, -67.80895789973059], [-41.46835202759149, 60.517416691632974], [-97.17959394916716, 22.039587037336233], [-10.380954559912837, -16.621832338035475], [35.92268584343773, -51.37160449880967], [27.153377641326685, 75.38724492144061], [-83.91648117825446, 45.981184559941624], [-10.216561581017075, 22.39776865850773], [-85.00404665003931, -8.997652622670316], [23.580508855581073, 66.8390562746296], [-78.64824013425377, -2.048909827994521], [-90.05611046700199, -53.49528360491491], [4.333957095257858, -34.89959702671514], [25.185075036890822, -76.25577461172279], [96.2137938408379, -32.862371887208624], [-86.02003853801105, -38.253072987961566], [-68.07955301786794, 90.05348214694806], [-34.35109474818509, 88.2992221382436], [-99.34743641980626, -4.889045224147125], [98.73936364735161, 94.38482421414429], [-43.68390002282017, -91.24943153733722]], "Okrag": [[-1.6377438419163013, -9.864978211241281], [-3.8283457816228896, -9.238169113862888], [-3.486599908978808, -9.372492788725365], [-9.999692324457289, -0.07844371351472168], [4.559324841255782, -8.900143650071493], [9.91132989757771, 1.3287361142763512], [8.813058845329888, 4.725462283073756], [-9.84727582229938, 1.7410223661854727], [0.01866320881463957, 9.99998258421667], [3.9399460770323893, 9.191127510271908], [-3.7663575936186575, 9.263614331187966], [-6.85867022248424, -7.277268909364829], [5.785754138876196, 8.156288926005317], [-3.812742165333704, 9.244619904608651], [-5.428296997461766, 8.398427930711055], [-8.069399702702317, -5.906334602613347], [5.663100588614954, 8.241922817111853], [-2.728784327866603, 9.62048523162889], [-8.4473433416227, -5.351858599472024], [-9.984146278798072, 0.5628703967723141], [7.796961594540409, -6.261580462891288], [-9.124371126577259, -4.092169540046362], [-7.111496296249298, 7.0304068465795435], [1.818883589461271, 9.833191876902864], [-6.287526392980961, 7.776053745799847], [-9.433623948021438, 3.3176406085223267], [5.613051942557343, 8.276088924736928], [-8.814114752651216, -4.7234924713707525], [9.997978538678993, -0.20106004106797024], [-9.979882837237355, -0.6339862419763347]], "Prostokat": [[5.725188428435285, -10], [-3.6676742904174358, 10], [10, -6.409896381215125], [10, -6.37918098159685], [10, 1.5584569552232974], [-4.667485724189506, 10], [7.370981992782271, 10], [-10, -4.933308147547905], [-8.657503453341706, -10], [10, -3.1548574659052324], [-10, 4.1247288568355955], [-10, -0.12001962422704793], [-0.8739218822086343, 10], [10, 6.743732116375998], [10, -0.11609996416110668], [8.907772931461523, -10], [7.918808874634859, 10], [-6.610546695830777, -10], [-7.762319808703683, -10], [10, 4.184908100525783], [-10, -5.8567717869256], [1.1759340523407662, -10], [10, 4.131587176698879], [10, -0.32400520420813805], [8.703025661117955, -10], [10, 3.5354524105391967], [-4.009693775777077, 10], [-10, 8.652613344203157], [10, -0.9393822754051762], [9.72679838499808, 10]], "Krzywy prostokat": [[3.464032153702763, 1.071935692594474], [1.0612174992510968, -1.9591883338326022], [1.7336720190522663, -1.5108853206318225], [3.0628655317680713, -0.6247563121546191], [3.050978396500647, 1.8980432069987057], [0.46599203651562826, 0.31066135767708547], [2.117443250168274, 1.4116288334455158], [3.981135773734117, 0.037728452531766266], [0.7811308464188275, -1.562261692837655], [3.4639246634965417, 1.0721506730069166], [2.0728013469223874, 1.3818675646149248], [1.0840543145784456, 0.7227028763856304], [3.261566208144623, 1.4768675837107539], [0.2416511854278528, -0.4833023708557056], [3.881688515872148, -0.0788743227519011], [2.7878026684473274, -0.8081315543684484], [0.577922339585049, 0.385281559723366], [3.015764155229531, -0.6561572298469796], [2.3645605732824184, 1.5763737155216122], [2.2309455292208953, 1.4872970194805968], [2.757772762793552, -0.8281514914709653], [0.8354210977281737, -1.6708421954563475], [2.252124614916331, -1.1652502567224459], [1.0152472361550018, 0.6768314907700012], [1.8071872132721423, 1.2047914755147615], [3.3765616360292228, -0.4156255759805183], [3.55170969972522, 0.8965806005495596], [3.7314313800121743, 0.5371372399756513], [2.2874055436417065, 1.5249370290944708], [0.29672175390781663, -0.5934435078156333]], "Prosta": [[-33.06715620227672, -1.6033578101138362], [33.928645610526104, 1.7464322805263053], [-47.941401857758215, -2.347070092887911], [-39.72378900511715, -1.9361894502558574], [-14.863828018536424, -0.6931914009268212], [-28.339161443301748, -1.3669580721650874], [41.240693115348535, 2.1120346557674265], [92.61549943345707, 4.680774971672854], [73.32920651912247, 3.716460325956123], [-83.74106000153161, -4.13705300007658], [-69.34185114709246, -3.417092557354623], [40.785282436539376, 2.0892641218269685], [-65.45887414863898, -3.2229437074319494], [-38.72952861369321, -1.8864764306846606], [23.265867931956194, 1.2132933965978099], [-60.46132786141931, -2.973066393070966], [-17.79788411605672, -0.839894205802836], [-29.622641133883107, -1.4311320566941554], [-7.3689384486088585, -0.318446922430443], [15.718912204169072, 0.8359456102084537], [64.34029781789579, 3.2670148908947896], [-5.544207465382314, -0.22721037326911575], [64.83400568851545, 3.2917002844257723], [15.141542227628008, 0.8070771113814005], [24.831459196732993, 1.2915729598366499], [-82.94104285529676, -4.097052142764838], [-84.56961428679874, -4.178480714339937], [-96.84225393951237, -4.792112696975619], [1.8828512517169855, 0.1441425625858493], [75.64531839758396, 3.832265919879198]]}